{
  "schemaVersion": 1,
  "trackId": "f1_autodromo_nazionale_monza",
  "demoLapTimeS": 94.683395,
  "demoFrameCount": 1720,
  "generationsRun": 50,
  "trainingLoss": 0.14896694,
  "trainingFrameCount": 1548,
  "holdoutFrameCount": 172,
  "holdoutRmsSteer": 0.21983476,
  "holdoutRmsThrottle": 0.0,
  "holdoutRmsBrake": 0.00027476833,
  "baselineLoss": 2.6691475,
  "championParams": [
    400.0,
    43.384792,
    0.4864614,
    0.26578054,
    1.6103156,
    3.8741581,
    1.5107682,
    0.06282276,
    0.1,
    0.00461312,
    0.4337821,
    0.5352519,
    0.29029784,
    0.0,
    0.009499774,
    0.010696813,
    3.1579514,
    -3.0,
    28.511057,
    0.0,
    -0.32490683,
    -0.14665537,
    -0.7232402,
    0.21576609
  ]
}